id,name,email,password_hash,role,phone,city,is_active,created_at,organization_name,bio
1,Admin 1,admin1@avre.in,$2b$12$qGLVKmnlPhnyteI0RIwKCe4jbeNUlPPNYskRlUUzi3FKtnmA9RPuS,admin,+91-7158674534,Hyderabad,1,2026-02-24 11:49:20.021024,,
2,Admin 2,admin2@avre.in,$2b$12$qGLVKmnlPhnyteI0RIwKCe4jbeNUlPPNYskRlUUzi3FKtnmA9RPuS,admin,+91-7472778629,Bengaluru,1,2026-01-12 11:49:20.021024,,
3,Chanchal Iyengar,arin42@example.net,$2b$12$qGLVKmnlPhnyteI0RIwKCe4jbeNUlPPNYskRlUUzi3FKtnmA9RPuS,requester,+91-9019701716,Kolkata,1,2026-04-11 11:49:20.021024,,
4,Aditya Kata,idada@example.com,$2b$12$qGLVKmnlPhnyteI0RIwKCe4jbeNUlPPNYskRlUUzi3FKtnmA9RPuS,vendor,+91-9033942530,Delhi,1,2026-04-08 11:49:20.021024,,
5,Tanvi Kar,manyaravi@example.net,$2b$12$qGLVKmnlPhnyteI0RIwKCe4jbeNUlPPNYskRlUUzi3FKtnmA9RPuS,requester,+91-9507892938,Jaipur,1,2026-02-19 11:49:20.021024,,
6,Isaac Merchant,dsom@example.net,$2b$12$qGLVKmnlPhnyteI0RIwKCe4jbeNUlPPNYskRlUUzi3FKtnmA9RPuS,vendor,+91-8313070509,Mumbai,1,2026-01-23 11:49:20.021024,,
7,Naksh Oommen,tahluwalia@example.org,$2b$12$qGLVKmnlPhnyteI0RIwKCe4jbeNUlPPNYskRlUUzi3FKtnmA9RPuS,vendor,+91-8798994136,Lucknow,1,2026-02-19 11:49:20.021024,,
8,Odika Setty,manegabriel@example.net,$2b$12$qGLVKmnlPhnyteI0RIwKCe4jbeNUlPPNYskRlUUzi3FKtnmA9RPuS,requester,+91-7252169338,Mumbai,1,2026-01-16 11:49:20.021024,,
9,Daksha Mitter,mnadig@example.org,$2b$12$qGLVKmnlPhnyteI0RIwKCe4jbeNUlPPNYskRlUUzi3FKtnmA9RPuS,requester,+91-9360369483,Ahmedabad,1,2026-04-05 11:49:20.021024,,
10,Varenya Bhatnagar,tellabhavani@example.org,$2b$12$qGLVKmnlPhnyteI0RIwKCe4jbeNUlPPNYskRlUUzi3FKtnmA9RPuS,vendor,+91-8404418017,Pune,1,2026-03-09 11:49:20.021024,,
11,Viraj Tata,parekhrachita@example.net,$2b$12$qGLVKmnlPhnyteI0RIwKCe4jbeNUlPPNYskRlUUzi3FKtnmA9RPuS,vendor,+91-9646884878,Bengaluru,1,2026-03-26 11:49:20.021024,,
12,Suhani Dugar,vaggarwal@example.org,$2b$12$qGLVKmnlPhnyteI0RIwKCe4jbeNUlPPNYskRlUUzi3FKtnmA9RPuS,vendor,+91-8253389188,Lucknow,1,2026-04-11 11:49:20.021024,,
13,Benjamin Madan,kapurjai@example.com,$2b$12$qGLVKmnlPhnyteI0RIwKCe4jbeNUlPPNYskRlUUzi3FKtnmA9RPuS,vendor,+91-7028873403,Kolkata,1,2026-02-12 11:49:20.021024,,
14,Jackson Chana,gaurang72@example.net,$2b$12$qGLVKmnlPhnyteI0RIwKCe4jbeNUlPPNYskRlUUzi3FKtnmA9RPuS,requester,+91-8943440014,Bengaluru,1,2026-01-20 11:49:20.021024,,
15,Banjeet Anand,mukherjeeanay@example.com,$2b$12$qGLVKmnlPhnyteI0RIwKCe4jbeNUlPPNYskRlUUzi3FKtnmA9RPuS,vendor,+91-9117141163,Bengaluru,1,2026-01-15 11:49:20.021024,,
16,Ria Tandon,kkala@example.org,$2b$12$qGLVKmnlPhnyteI0RIwKCe4jbeNUlPPNYskRlUUzi3FKtnmA9RPuS,requester,+91-8909898452,Delhi,1,2026-02-20 11:49:20.021024,,
17,Ekta Nadig,wazir74@example.com,$2b$12$qGLVKmnlPhnyteI0RIwKCe4jbeNUlPPNYskRlUUzi3FKtnmA9RPuS,requester,+91-8922350848,Mumbai,1,2026-04-06 11:49:20.021024,,
18,Advika Palla,oscarmandal@example.net,$2b$12$qGLVKmnlPhnyteI0RIwKCe4jbeNUlPPNYskRlUUzi3FKtnmA9RPuS,vendor,+91-8873430176,Kolkata,1,2026-04-03 11:49:20.021024,,
19,Chandresh Shenoy,rajujeet@example.com,$2b$12$qGLVKmnlPhnyteI0RIwKCe4jbeNUlPPNYskRlUUzi3FKtnmA9RPuS,vendor,+91-9472715308,Ahmedabad,1,2026-03-01 11:49:20.021024,,
20,Kiaan Natt,jbhatnagar@example.net,$2b$12$qGLVKmnlPhnyteI0RIwKCe4jbeNUlPPNYskRlUUzi3FKtnmA9RPuS,requester,+91-7079064881,Chennai,1,2026-01-26 11:49:20.021024,,
21,Sneha Dhillon,gsampath@example.net,$2b$12$qGLVKmnlPhnyteI0RIwKCe4jbeNUlPPNYskRlUUzi3FKtnmA9RPuS,vendor,+91-7268994477,Chennai,1,2026-01-30 11:49:20.021024,,
22,Azad Sant,veda03@example.org,$2b$12$qGLVKmnlPhnyteI0RIwKCe4jbeNUlPPNYskRlUUzi3FKtnmA9RPuS,requester,+91-8030566771,Mumbai,1,2026-01-24 11:49:20.021024,,
23,Sanat Karkhanis,sanat@avre.in,$2b$12$qGLVKmnlPhnyteI0RIwKCe4jbeNUlPPNYskRlUUzi3FKtnmA9RPuS,vendor,+91-9999999999,Mumbai,1,2026-04-14 14:21:06,,
24,Sanat Karkhanis,sanat.karkhanis2@gmail.com,$2b$12$JFGTl.BRwEXC.zOsT04mM.3Ee0ej3MAzHQLpnjqcI28a.65kpnMee,REQUESTER,,Mumbai,1,2026-04-14 15:33:02,,
